BEGIN TRANSACTION;

DROP TABLE IF EXISTS "ItemDropTable";
CREATE TABLE "ItemDropTable" (
	"Identifier"   TEXT
);
DROP TABLE IF EXISTS "ItemDropTable_Parcels";
CREATE TABLE "ItemDropTable_Parcels" (
	"Identifier"   TEXT,
	"ParcelId"     INTEGER,
	"Weight"       INTEGER
);
DROP TABLE IF EXISTS "ItemDropTable_ParcelEntries";
CREATE TABLE "ItemDropTable_ParcelEntries" (
	"Identifier"   TEXT,
	"ParcelId"     INTEGER,
	"Value"        TEXT
);


INSERT INTO "ItemDropTable"               VALUES('LOOT_TABLE_HUMANOID_WEAPONS');

INSERT INTO "ItemDropTable_Parcels"       VALUES('LOOT_TABLE_HUMANOID_WEAPONS', 1,1);
INSERT INTO "ItemDropTable_ParcelEntries" VALUES('LOOT_TABLE_HUMANOID_WEAPONS', 1,'ITEM_DAGGER');

INSERT INTO "ItemDropTable_Parcels"       VALUES('LOOT_TABLE_HUMANOID_WEAPONS', 2,1);
INSERT INTO "ItemDropTable_ParcelEntries" VALUES('LOOT_TABLE_HUMANOID_WEAPONS', 2,'ITEM_LONGSWORD');

INSERT INTO "ItemDropTable_Parcels"       VALUES('LOOT_TABLE_HUMANOID_WEAPONS', 3,1);
INSERT INTO "ItemDropTable_ParcelEntries" VALUES('LOOT_TABLE_HUMANOID_WEAPONS', 3,'ITEM_MACE');

INSERT INTO "ItemDropTable_Parcels"       VALUES('LOOT_TABLE_HUMANOID_WEAPONS', 4,1);
INSERT INTO "ItemDropTable_ParcelEntries" VALUES('LOOT_TABLE_HUMANOID_WEAPONS', 4,'ITEM_FANG_OF_JAHABI');

INSERT INTO "ItemDropTable_Parcels"       VALUES('LOOT_TABLE_HUMANOID_WEAPONS', 5,1);
INSERT INTO "ItemDropTable_ParcelEntries" VALUES('LOOT_TABLE_HUMANOID_WEAPONS', 5,'ITEM_SHORTBOW');
INSERT INTO "ItemDropTable_ParcelEntries" VALUES('LOOT_TABLE_HUMANOID_WEAPONS', 5,'ITEM_ARROW');


INSERT INTO "ItemDropTable"               VALUES('LOOT_TABLE_HUMANOID_CLOTHING');

INSERT INTO "ItemDropTable_Parcels"       VALUES('LOOT_TABLE_HUMANOID_CLOTHING', 1, 3);
INSERT INTO "ItemDropTable_ParcelEntries" VALUES('LOOT_TABLE_HUMANOID_CLOTHING', 1,'');

INSERT INTO "ItemDropTable_Parcels"       VALUES('LOOT_TABLE_HUMANOID_CLOTHING', 2, 1);
INSERT INTO "ItemDropTable_ParcelEntries" VALUES('LOOT_TABLE_HUMANOID_CLOTHING', 2, 'ITEM_ROBE_OF_WONDERS');



COMMIT;